HW1,HW2,HW3,HW4,HW5,HW6,HW7,HW8,HW9,HW10,HW11,HW12,HW13,Lab2,Lab3,Lab4,Lab5,Lab6,Lab7,Lab8,Lab9,Lab10,Quiz1,Quiz2,Quiz3,Quiz4,Quiz5,Quiz6,Quiz7,Quiz8,Quiz9,Quiz10,Quiz11,Final_Exam,id,Exam1,Exam2
100,98.5,100,92.9,92,95.5,85.4,89.5,94.7,85.9,95,94.8,84.7,100,100,115.8,97.1,100,95.7,97,81,83.8,100,100,100,33.3,66.7,66.7,-99,-99,100,66.7,-99,75.9,B141FB,83.8,90.7
100,95.6,100,85.7,70,40.9,75,73.7,89.5,73.4,95,72.4,66.7,100,84.1,86.8,100,69.2,100,100,100,83.8,100,100,100,66.7,66.7,-99,66.7,100,100,66.7,-99,41.8,B14AE9,52.8,62
100,100,100,88.1,98,95.5,95.8,89.5,100,96.9,100,89.7,-99,81.8,54.5,105.3,96.1,100,90.4,91,91,83.8,100,100,100,66.7,100,66.7,66.7,66.7,100,100,100,67.8,B14AEE,93.8,88.3
100,98.5,100,98.8,98,100,100,97.4,100,98.4,100,98.3,-99,100,100,126.3,100,100,96.8,98,96,83.8,100,100,100,100,100,100,100,100,100,100,100,94,B0B86F,97.3,101.7
93.3,100,100,100,96,104.5,95.8,100,-99,92.2,100,96.6,94.4,100,100,84.2,92.2,92.3,77.7,96,88,82.4,100,100,100,100,100,-99,100,100,100,100,66.7,86.4,8513F8,77.6,98.3
100,89.7,96.4,96.4,90,100,97.9,92.1,100,95.3,100,98.3,95.8,100,90.9,126.3,99,100,98.9,98,100,95.9,100,100,100,100,100,-99,66.7,100,100,100,66.7,87,B1196D,101.4,100.9
100,98.5,100,95.2,90,100,100,92.1,100,97.7,100,98.3,91.7,100,97.7,100,99,100,100,95,100,100,100,100,100,100,100,33.3,100,66.7,100,66.7,100,84,B1586B,91.4,101.7
93.3,100,100,97.6,96,104.5,93.8,100,-99,98.4,100,98.3,93.1,100,100,78.9,96.1,92.3,76.6,96,90,93.2,100,100,100,100,66.7,-99,100,100,100,100,66.7,90.2,8513D8,94.3,91.7
100,89.7,100,-99,48,-99,-99,-99,-99,-99,-99,-99,-99,77.3,-99,-99,-99,-99,-99,-99,-99,-99,100,66.7,33.3,-99,66.7,-99,-99,-99,-99,-99,-99,0,AD50CA,53.8,0
100,100,92.9,100,98,104.5,93.8,97.4,97.4,98.4,95,96.6,98.6,95.5,95.5,121.1,96.1,84.6,95.7,98,93,81.1,100,66.7,100,100,100,100,100,100,100,100,100,92.8,B3A089,90.2,100.9
96.7,95.6,100,88.1,93,100,94.8,93.4,86.8,86.7,100,96.6,91,90.9,96.6,71.1,74.5,100,94.7,100,91,90.5,100,100,100,66.7,66.7,66.7,66.7,66.7,66.7,33.3,66.7,85.4,AFAC94,94.5,93.5
96.7,94.1,100,86.9,89,95.5,93.8,97.4,97.4,-99,-99,-99,-99,100,100,100,-99,92.3,-99,-99,-99,-99,100,66.7,100,33.3,100,100,-99,-99,-99,-99,-99,0,85203F,72.3,0
100,99.3,100,100,96,100,95.8,98.7,100,98.4,100,101.7,100,95.5,93.2,123.7,100,100,93.6,98,100,90.5,100,100,100,100,100,-99,100,66.7,100,100,100,92.4,AFF607,95,105
100,45.6,100,88.1,66,86.4,83.3,76.3,92.1,90.6,50,96.6,70.8,100,100,100,96.1,100,100,98,100,83.8,-99,100,100,-99,-99,-99,-99,-99,66.7,-99,-99,62,B3A10F,80.3,84.1
100,98.5,100,89.3,94,90.9,89.6,86.8,89.5,82.8,100,86.2,72.2,95.5,100,-99,100,100,100,100,100,91.9,100,100,100,33.3,66.7,100,33.3,100,66.7,66.7,-99,64.6,B15582,59.9,78.9
96.7,97.1,100,92.9,94,100,93.8,94.7,100,96.9,100,89.7,91.7,100,100,100,100,100,93.6,100,100,91.9,100,66.7,100,66.7,100,-99,66.7,66.7,100,100,66.7,79.9,B14921,73.3,88.3
100,92.6,100,91.7,82,95.5,90.6,73.7,92.1,95.3,87.5,98.3,94.4,100,90.9,100,92.2,100,89.4,93,88,91.9,100,100,100,33.3,66.7,66.7,66.7,66.7,66.7,100,100,75.4,85119F,73.5,83
100,98.5,100,97.6,100,104.5,95.8,89.5,97.4,79.7,100,91.4,79.2,86.4,95.5,126.3,100,100,98.9,-99,-99,94.6,100,100,100,66.7,100,100,-99,66.7,-99,100,-99,76,B13985,86.6,75.6
100,100,96.4,92.9,90,95.5,4.2,84.2,94.7,78.1,100,96.6,83.3,90.9,79.5,97.4,97.1,61.5,95.7,88,90,73,100,100,100,66.7,66.7,-99,66.7,100,100,100,33.3,78.4,B0B86A,88.3,91.4
100,83.8,100,92.9,78,90.9,94.8,93.4,100,95.3,95,94.8,90.3,81.8,86.4,100,90.2,76.9,89.4,94,94,90.5,100,33.3,100,33.3,66.7,66.7,33.3,100,100,66.7,33.3,75.2,B13F64,67.6,87.1
96.7,91.2,96.4,40.5,84,81.8,87.5,78.9,84.2,85.9,95,86.2,30.6,81.8,50,94.7,73.5,84.6,86.2,95,84,97.3,100,66.7,66.7,33.3,100,100,33.3,66.7,66.7,66.7,66.7,0,851DEF,73.5,62.5
96.7,86.8,100,-99,-99,-99,-99,-99,-99,-99,-99,-99,-99,54.5,31.8,57.9,-99,-99,-99,-99,-99,-99,100,-99,66.7,-99,-99,-99,-99,-99,33.3,-99,-99,0,B14ABC,47.7,0
100,100,100,100,100,100,97.9,97.4,97.4,93.8,100,100,90.3,80,100,81.6,92.2,100,74.5,96,96,70.3,-99,100,100,100,66.7,-99,100,100,100,100,66.7,70.8,851179,77.9,94.3
100,95.6,100,97.6,92,95.5,93.8,86.8,97.4,96.9,100,96.6,95.8,52.7,100,126.3,100,92.3,93.6,100,96,94.6,100,66.7,100,100,100,33.3,100,100,100,100,66.7,96.9,B0C670,101.2,97.3
100,100,91.1,100,96,104.5,97.9,97.4,94.7,42.2,95,96.6,100,90.9,70.5,81.6,88.2,100,80.9,93,92,78.4,100,100,100,100,100,66.7,100,100,-99,100,66.7,72.9,B3A07C,90.9,78.3
100,95.6,100,95.2,88,86.4,93.8,78.9,94.7,84.4,100,94.8,70.8,95.5,84.1,89.5,84.3,88.5,8.5,100,85,75.7,100,100,100,66.7,-99,33.3,-99,66.7,-99,100,-99,66,8824D0,66.1,0
100,98.5,100,78.6,90,95.5,93.8,97.4,97.4,93.8,100,101.7,91.7,-99,86.4,100,84.3,100,96.8,88,88,-99,100,-99,100,100,33.3,66.7,33.3,-99,33.3,100,-99,92,882E49,85.6,93.3
100,94.1,100,92.9,96,100,95.8,97.4,100,95.3,100,98.3,88.9,90.9,100,126.3,98,100,96.8,94,98,100,100,100,100,66.7,100,66.7,66.7,33.3,100,100,33.3,72.4,AFEF47,81.2,85
100,98.5,96.4,96.4,94,93.2,99,84.2,96.1,97.7,100,95.7,97.9,95.5,100,118.4,94.1,84.6,-99,96,96,94.6,100,100,100,100,100,-99,100,100,33.3,100,100,87,B00213,93.5,96.6
100,94.1,100,100,90,95.5,96.9,90.8,94.7,96.1,100,95.7,88.2,86.4,100,94.7,98,84.6,100,95,100,94.6,100,100,66.7,66.7,100,100,100,66.7,66.7,100,66.7,63.6,B1491A,61.4,78.3
100,98.5,100,92.9,94,90.9,89.6,89.5,50,95.3,100,91.4,41.7,90.9,100,100,100,100,93.6,100,100,81.1,100,66.7,100,66.7,100,100,100,100,-99,100,100,89.2,AFEF76,79.7,85.6
100,95.6,100,95.2,88,68.2,89.6,81.6,94.7,93.8,100,98.3,83.3,100,95.5,100,100,84.6,97.9,98,96,-99,100,66.7,66.7,33.3,-99,66.7,66.7,-99,66.7,100,66.7,77.3,B1201B,90.2,83.3
100,95.6,98.2,92.9,88,100,93.8,92.1,94.7,90.6,100,50,34.7,86.4,93.2,100,91.2,92.3,-99,93,95,89.2,100,66.7,66.7,33.3,100,100,66.7,66.7,66.7,100,66.7,77.8,B4F648,90.2,95.6
96.7,98.5,100,100,100,100,97.9,92.1,97.4,98.4,100,100,95.8,90.9,95.5,100,88.2,92.3,98.9,93,84,97.3,100,100,100,66.7,100,66.7,-99,66.7,66.7,100,100,88,B14201,80.9,91.2
96.7,97.1,100,97.6,94,100,95.8,94.7,89.5,96.9,100,94.8,58.3,100,90.9,100,100,100,84,96,96,-99,100,100,100,100,100,66.7,-99,66.7,100,100,100,78.8,B15A16,90.4,94.5
100,92.6,98.2,85.7,76,81.8,93.8,84.2,86.8,95.3,100,87.9,91.7,100,77.3,100,94.1,100,97.9,96,100,100,100,100,100,66.7,66.7,33.3,66.7,66.7,66.7,66.7,66.7,62.3,8518DE,53.5,69.7
96.7,98.5,100,97.6,96,90.9,97.9,89.5,94.7,96.9,85,100,95.8,86.4,84.1,84.2,65.7,69.2,93.6,81,70,60.8,100,100,100,33.3,-99,33.3,66.7,100,-99,100,100,89,852269,66.6,76.3
100,91.2,100,92.9,72,95.5,95.8,84.2,94.7,90.6,100,15.5,86.1,100,100,89.5,86.3,100,96.8,-99,86,97.3,100,100,100,66.7,66.7,33.3,100,100,-99,100,100,83.1,AFEF0D,87.8,84.5
100,97.1,96.4,88.1,90,90.9,89.6,60.5,63.2,87.5,-99,-99,45.8,100,81.8,81.6,-99,92.3,97.9,-99,-99,-99,100,100,100,100,100,-99,66.7,100,-99,-99,66.7,80.8,851427,82.3,62.5
100,91.2,89.3,92.9,92,68.2,93.8,81.6,84.2,90.6,100,94.8,91.7,100,45.5,76.3,78.4,76.9,96.8,88,84,94.6,100,-99,100,66.7,66.7,33.3,-99,100,100,66.7,-99,66.3,B14954,78.4,81
100,100,100,95.2,84,100,95.8,86.8,86.8,95.3,100,94.8,84.7,100,95.5,121.1,72.5,92.3,94.7,91,97,89.2,100,66.7,33.3,100,-99,66.7,33.3,-99,100,-99,33.3,64.3,B0B88C,67.6,81.8
100,89.7,100,90.5,80,77.3,81.3,68.4,89.5,90.6,100,93.1,66.7,95.5,100,100,100,100,100,100,100,86.5,100,66.7,100,100,100,66.7,66.7,66.7,66.7,66.7,-99,73.3,B3D2E4,89.9,80.2
96.7,52.9,100,95.2,92,90.9,97.9,89.5,97.4,82.8,95,93.1,87.5,90.9,100,100,100,84.6,100,100,100,91.9,100,33.3,100,100,100,-99,100,66.7,66.7,66.7,-99,97.9,B3A130,86.3,87.3
100,97.1,89.3,86.9,98,100,93.8,92.1,100,98.4,100,100,79.2,100,100,110.5,88.2,100,91.5,94,88,97.3,100,100,100,100,100,33.3,66.7,100,66.7,66.7,66.7,48.7,B4F756,80.2,50.9
100,97.1,100,95.2,92,40.9,39.6,86.8,78.9,89.1,100,84.5,87.5,90.9,50,84.2,78.4,80.8,89.4,87,89,81.1,100,100,100,100,66.7,66.7,33.3,100,100,33.3,66.7,61.9,B160D1,84.5,87.6
100,98.5,100,92.9,94,86.4,78.1,97.4,100,96.9,100,101.7,91.7,100,100,126.3,96.1,100,97.9,100,100,100,100,100,100,100,100,66.7,66.7,100,100,100,66.7,90.8,B4F6FD,94,98.3
100,95.6,96.4,84.5,88,93.2,94.8,71.1,94.7,42.2,95,91.4,75,100,90.9,115.8,92.2,100,-99,94,56,97.3,100,100,66.7,-99,100,-99,66.7,66.7,66.7,-99,66.7,70.7,B12291,84.5,67.6
100,86.8,96.4,92.9,84,86.4,31.3,84.2,86.8,71.9,100,77.6,35.4,77.3,52.3,100,-99,92.3,89.4,-99,48,86.5,100,33.3,100,100,66.7,-99,33.3,-99,66.7,66.7,33.3,62,AFF646,64.3,85.1
100,98.5,100,92.9,88,90.9,89.6,97.4,100,93.8,100,98.3,87.5,90.9,97.7,110.5,94.1,84.6,97.9,93,88,82.4,100,66.7,100,100,100,33.3,33.3,100,100,100,66.7,94.2,B3B85A,73.8,81.7
93.3,97.1,96.4,88.1,-99,95.5,66.7,71.1,81.6,67.2,-99,-99,-99,100,-99,100,-99,100,-99,-99,-99,-99,100,-99,33.3,-99,-99,66.7,-99,-99,-99,-99,-99,0,8543B4,53.3,63.3
100,83.8,96.4,83.3,78,68.2,68.8,60.5,78.9,75,95,77.6,86.1,90.9,86.4,102.6,82.4,76.9,76.6,98,56,86.5,100,100,33.3,-99,33.3,66.7,33.3,33.3,-99,66.7,33.3,48.3,B385C1,67.8,43.8
100,100,100,100,98,104.5,100,92.1,86.8,96.9,100,96.6,90.3,100,85.2,100,78.4,92.3,81.9,78,90,70.3,100,100,100,33.3,66.7,66.7,33.3,33.3,33.3,66.7,33.3,70.9,B2A071,65.3,79.9
100,92.6,100,100,67,97.7,95.8,89.5,76.3,100,95,97.4,91.7,77.3,90.9,102.6,93.1,92.3,78.7,92,85,82.4,100,33.3,66.7,-99,33.3,-99,66.7,33.3,100,100,33.3,70.4,B2E747,70.7,78.1
100,97.1,100,-99,-99,68.2,100,97.4,94.7,98.4,100,101.7,-99,77.3,63.6,100,76.5,100,-99,94,88,94.6,100,66.7,100,66.7,66.7,66.7,-99,33.3,33.3,66.7,33.3,59.5,B15141,71.8,45.1
93.3,100,100,96.4,90,95.5,89.6,78.9,92.1,92.2,95,96.6,-99,100,88.6,100,92.2,84.6,95.7,94,96,95.9,100,100,100,66.7,100,66.7,66.7,66.7,100,-99,33.3,88.2,882918,80.9,77.6
96.7,89.7,100,90.5,68,81.8,95.8,78.9,94.7,89.1,100,74.1,87.5,100,81.8,100,84.3,76.9,88.3,96,96,83.8,100,33.3,100,66.7,100,66.7,66.7,66.7,66.7,100,100,90.2,B2C2A5,64.8,91.7
93.3,85.3,100,85.7,80,90.9,-99,-99,-99,-99,-99,-99,-99,95.5,-99,94.7,-99,92.3,-99,-99,-99,-99,-99,33.3,33.3,-99,66.7,-99,-99,-99,-99,-99,-99,0,AFF61A,58.2,0
100,97.1,100,92.9,94,90.9,93.8,84.2,100,95.3,100,98.3,91.7,100,100,100,100,100,100,100,100,91.9,100,100,100,66.7,100,100,100,100,66.7,100,100,92,851548,90.9,87.6
100,97.1,75,97.6,94,68.2,87.5,89.5,97.4,92.2,100,89.7,45.8,90.9,95.5,102.6,43.1,92.3,98.9,94,80,94.6,100,-99,33.3,100,66.7,-99,-99,-99,100,100,-99,82,8519D3,83.3,80
96.7,100,100,100,98,104.5,91.7,94.7,57.9,35.9,100,46.6,41.7,100,77.3,76.3,95.1,-99,70.2,-99,-99,87.8,-99,66.7,100,100,100,100,100,-99,-99,-99,-99,75,AFEEE7,75.8,56.8
96.7,95.6,100,97.6,98,81.8,97.9,84.2,84.2,82.8,95,96.6,-99,100,97.7,47.4,15.7,-99,100,96,96,-99,100,100,100,100,100,33.3,-99,66.7,100,100,33.3,94,B00234,93.3,90.9
100,72.1,100,82.1,92,100,100,86.8,86.8,96.9,100,98.3,84.7,81.8,72.7,97.4,59.8,80.8,97.9,85,72,89.2,100,100,66.7,100,66.7,100,100,33.3,100,100,100,79.3,B14CD1,95,90.9
90,95.6,89.3,85.7,74,54.5,-99,71.1,73.7,14.1,95,75.9,-99,72.7,45.5,63.2,80.4,61.5,41.5,99,80,77,100,100,100,-99,66.7,33.3,66.7,100,100,100,33.3,31.7,B15A41,83,58.4
100,95.6,100,92.9,96,95.5,100,89.5,97.4,89.1,100,98.3,80.6,100,96.6,100,92.2,100,88.3,98,96,90.5,100,66.7,100,66.7,100,66.7,100,100,66.7,100,66.7,93,8513C8,90.2,95
93.3,91.2,-99,95.2,64,-99,-99,-99,-99,-99,-99,-99,-99,90.9,100,97.4,-99,84.6,-99,-99,-99,-99,100,100,100,66.7,100,-99,-99,-99,-99,-99,-99,0,8511A3,55.8,0
93.3,91.2,96.4,89.3,90,86.4,-99,68.4,76.3,65.6,100,79.3,75,90.9,95.5,92.1,-99,84.6,-99,88,-99,-99,100,-99,66.7,33.3,33.3,-99,-99,-99,-99,-99,-99,48,883F0F,76.7,53.3
100,91.2,100,94,93,100,94.8,88.2,98.7,82.8,90,91.4,83.3,-99,100,100,100,100,93.6,100,100,91.9,-99,-99,66.7,100,-99,-99,-99,-99,-99,-99,-99,58,B14CC7,71.8,77.2
96.7,98.5,100,88.1,74,95.5,93.8,73.7,89.5,90.6,100,84.5,80.6,95.5,100,100,100,88.5,100,100,100,91.9,100,100,100,66.7,66.7,-99,66.7,-99,66.7,100,66.7,86.2,B3B4BD,66.1,83.3
100,50,-99,7.1,44,18.2,33.3,47.4,88.2,12.5,15,19,-99,-99,63.6,73.7,-99,-99,87.2,88,88,-99,100,66.7,-99,-99,33.3,33.3,-99,66.7,-99,-99,-99,0,B37E1B,40.8,37.9
100,98.5,100,97.6,86,100,85.4,86.8,94.7,95.3,100,98.3,88.9,100,100,121.1,84.3,100,89.4,98,98,89.2,100,100,100,66.7,66.7,-99,33.3,100,66.7,100,66.7,90.5,B15584,84.5,95.1
100,98.5,100,95.2,92,95.5,91.7,89.5,39.5,92.2,100,101.7,95.8,86.4,93.2,100,87.3,92.3,96.8,98,87,33.8,100,100,100,33.3,100,33.3,100,100,100,100,100,74.3,852389,83.5,89.9
100,95.6,100,90.5,90,90.9,79.2,73.7,81.6,73.4,100,91.4,91.7,81.8,81.8,105.3,90.2,92.3,94.7,9,95,83.8,100,66.7,66.7,-99,100,-99,66.7,66.7,66.7,66.7,66.7,71.7,B4F733,74.8,72
100,85.3,100,97.6,36,-99,83.3,-99,84.2,-99,-99,41.4,37.5,100,92,100,97.1,100,84,96,90,75.7,100,100,100,33.3,100,33.3,66.7,100,-99,33.3,100,84,8512CE,89.2,50.3
100,38.2,100,90.5,86,104.5,89.6,89.5,94.7,4.7,30,22.4,47.2,90.9,100,100,-99,100,93.6,-99,100,-99,100,-99,100,100,33.3,-99,66.7,-99,66.7,-99,-99,70.4,B3B6C7,39.2,41.3
96.7,95.6,89.3,97.6,92,95.5,91.7,92.1,97.4,98.4,100,91.4,100,100,81.8,97.4,100,100,92.6,100,100,90.5,100,100,100,100,100,33.3,100,100,100,100,66.7,90,852155,83.5,101.4
100,100,100,100,100,100,100,92.1,97.4,98.4,100,100,95.8,100,95.5,126.3,98,100,100,97,98,97.3,100,100,100,100,66.7,66.7,100,66.7,100,100,66.7,90.9,851D9E,97.3,95
100,97.1,100,90.5,78,100,95.8,94.7,89.5,87.5,100,94.8,93.1,90.9,95.5,81.6,78.4,84.6,88.3,98,100,94.6,100,100,100,66.7,66.7,100,100,33.3,100,100,66.7,65.4,851EAA,75,88.3
100,97.1,100,97.6,94,104.5,91.7,94.7,100,98.4,95,101.7,100,100,93.2,100,98,100,97.9,96,88,91.9,100,100,100,33.3,66.7,100,100,100,100,66.7,100,98.6,B4F71D,94.8,97.8
100,100,100,97.6,91,95.5,93.8,96.1,97.4,95.3,100,96.6,91.7,100,100,123.7,86.3,100,96.8,100,92,91.9,100,66.7,100,33.3,66.7,33.3,100,100,100,100,66.7,77.5,8511F1,84.8,88.3
100,95.6,100,91.7,84,86.4,87.5,84.2,94.7,93.8,100,94.8,100,100,90.9,89.5,88.2,69.2,100,97,88,91.9,100,100,66.7,33.3,100,-99,-99,66.7,33.3,66.7,66.7,77.1,B4F760,86.3,70.4
86.7,82.4,100,94,92,95.5,83.3,71.1,84.2,96.9,100,91.4,83.3,95.5,88.6,100,100,96.2,93.6,100,100,86.5,100,100,100,33.3,33.3,33.3,33.3,66.7,100,100,33.3,54.5,85225D,62.3,59.9
100,94.1,98.2,90.5,76,86.4,97.9,84.2,86.8,90.6,95,94,29.2,81.8,90.9,84.2,93.1,88.5,93.6,100,82,82.4,100,66.7,100,66.7,66.7,66.7,66.7,66.7,100,100,66.7,75.6,85239C,57.6,81.2
100,92.6,100,88.1,96,100,93.8,97.4,94.7,96.9,100,96.6,93.1,90.9,100,123.7,96.1,100,86.2,99,92,93.2,100,100,100,66.7,66.7,33.3,-99,100,100,100,66.7,80.6,851716,80.4,91.7
93.3,89.7,89.3,91.7,72,95.5,91.7,78.9,73.7,81.3,100,93.1,63.9,68.2,90.9,126.3,86.3,84.6,84,76,53,68.9,100,66.7,66.7,66.7,66.7,100,-99,66.7,66.7,66.7,33.3,59.7,85250C,63.8,59.7
100,100,100,100,96,104.5,100,100,100,100,100,96.6,95.8,100,100,100,100,100,100,98,96,89.2,100,100,100,66.7,100,66.7,100,66.7,66.7,100,66.7,89,8510A5,75,95
100,100,100,100,100,104.5,100,92.1,89.5,98.4,100,101.7,95.8,100,100,126.3,96.1,100,100,98,92,100,100,100,100,66.7,100,66.7,66.7,100,66.7,100,100,87,850DA6,80.9,98.3
100,100,100,100,88,95.5,97.9,94.7,94.7,96.9,95,96.6,91.7,90.9,31.8,94.7,100,92.3,71.3,92,96,100,100,100,100,66.7,66.7,66.7,-99,100,66.7,100,100,85.7,85199E,79.4,80.9
100,97.1,-99,90.5,82,68.2,79.2,81.6,86.8,57.8,100,92.2,87.5,100,-99,100,100,100,100,100,100,86.5,100,100,100,66.7,-99,-99,100,33.3,33.3,-99,-99,74.8,B2C542,69.2,75.1
100,94.1,100,100,100,100,97.9,94.7,84.2,93.8,95,48.3,50,100,88.6,105.3,85.3,92.3,94.7,87,88,73,100,100,66.7,66.7,100,66.7,100,33.3,66.7,100,66.7,80.4,851DE3,70.2,73
86.7,50,82.1,83.3,98,54.5,77.1,78.9,89.5,84.4,-99,96.6,87.5,59.1,20.5,-99,93.1,-99,-99,-99,-99,-99,100,-99,100,-99,-99,-99,33.3,-99,-99,-99,-99,58,883EB1,58.2,27.2
100,100,100,100,100,104.5,100,97.4,100,100,100,101.7,91.7,100,86.4,100,98,100,87.2,93,100,94.6,100,100,100,66.7,66.7,100,100,100,100,100,66.7,85.8,85200C,85,85
96.7,100,100,95.2,98,104.5,91.7,94.7,92.1,92.2,100,98.3,95.8,100,93.2,113.2,100,100,91.5,98,90,95.9,100,100,100,100,100,66.7,100,100,66.7,100,66.7,86.1,851076,101.7,81.2
100,100,92.9,97.6,98,86.4,85.4,92.1,92.1,93.8,100,25.9,-99,95.5,88.6,-99,88.2,100,97.9,-99,84,94.6,100,66.7,66.7,100,-99,66.7,66.7,-99,-99,100,100,86.8,AFF62D,86.3,85.6
100,97.1,96.4,97.6,98,104.5,97.9,89.5,100,100,100,100,100,100,100,110.5,99,100,93.6,97,96,97.3,100,100,100,66.7,100,33.3,100,100,100,-99,66.7,76.6,8513F9,85,81.4
100,100,100,100,100,100,97.9,94.7,100,90.6,100,101.7,100,100,100,126.3,100,100,100,100,100,100,100,100,100,100,100,100,100,100,100,100,100,96.4,B2E71A,95,98.3
93.3,92.6,100,85.7,98,90.9,83.3,76.3,89.5,96.9,100,96.6,91.7,90.9,84.1,84.2,82.4,100,91.5,89,90,-99,100,66.7,-99,-99,66.7,66.7,33.3,66.7,-99,100,33.3,65.4,B2C2A2,70.2,59.2
100,89.7,92.9,95.2,86,81.8,93.8,94.7,94.7,90.6,95,98.3,79.2,100,65.9,78.9,76.5,92.3,87.2,96,90,91.9,100,100,-99,66.7,100,66.7,66.7,100,100,100,66.7,78,B15F6F,62.8,85
96.7,98.5,100,85.7,88,95.5,97.9,92.1,94.7,100,100,91.4,87.5,90.9,95.5,100,90.2,100,100,95,83,94.6,100,100,100,66.7,100,66.7,66.7,-99,66.7,100,-99,49.8,8511A5,56.8,64.8
100,97.1,100,44,90,50,91.7,86.8,100,82.8,-99,93.1,95.8,100,95.5,97.4,98,100,100,98,94,94.6,100,100,100,100,-99,66.7,66.7,66.7,100,100,66.7,78.6,B4F708,70.4,80.4
96.7,97.1,100,95.2,72,90.9,95.8,-99,78.9,93.8,100,96.6,70.8,86.4,84.1,68.4,63.7,92.3,53.2,80,81,56.8,100,100,100,100,-99,33.3,100,33.3,-99,100,-99,74.3,B3A0FE,101.8,77.7
100,94.1,92.9,97.6,76,77.3,91.7,73.7,92.1,56.3,100,84.5,80.6,95.5,61.4,113.2,88.2,92.3,91.5,96,94,91.9,100,66.7,100,66.7,66.7,66.7,100,66.7,66.7,66.7,33.3,89.4,B2BDD4,79.2,70.7
100,95.6,100,100,92,95.5,89.6,86.8,94.7,98.4,100,94.8,-99,100,100,105.3,96.1,100,95.7,97,100,94.6,100,100,100,66.7,100,66.7,100,-99,66.7,66.7,66.7,67.5,B2BDB7,94.5,84.8
100,92.6,100,89.3,72,68.2,97.9,84.2,97.4,93.8,100,37.9,34.7,95.5,100,100,100,100,100,99,-99,-99,100,66.7,66.7,33.3,66.7,-99,100,66.7,100,100,-99,75.8,B37B78,85,87.3
100,94.1,100,96.4,80,93.2,93.8,84.2,97.4,89.1,100,94.8,87.5,86.4,95.5,89.5,98,100,98.9,96,92,97.3,100,66.7,66.7,-99,100,-99,66.7,100,100,-99,33.3,82.4,B37B90,86.8,74.3
100,100,100,-99,-99,81.8,92.7,94.7,94.7,85.9,100,91.4,-99,90.9,63.6,100,78.4,92.3,-99,97,90,94.6,100,100,100,33.3,100,66.7,33.3,66.7,100,100,33.3,79.6,B2C256,65.3,62.8
100,91.2,91.1,85.7,96,100,100,-99,94.7,90.6,-99,-99,84.7,100,90.9,94.7,95.1,88.5,93.6,-99,72,56.8,100,100,100,100,100,100,-99,66.7,100,100,66.7,76.8,B141FC,69.7,82.3
100,100,100,97.6,98,95.5,89.6,89.5,94.7,95.3,100,96.6,95.8,100,97.7,100,100,100,100,98,96,91.9,100,66.7,100,33.3,100,100,-99,66.7,66.7,66.7,66.7,93.7,8828CE,80.4,93
96.7,86.8,94.6,47.6,88,86.4,96.9,97.4,97.4,92.2,100,92.2,93.8,90.9,100,100,69.6,92.3,92.6,96,96,91.9,100,100,100,100,-99,-99,66.7,66.7,100,66.7,100,64.2,B14925,55.6,57.3
96.7,97.1,100,97.6,100,90.9,91.7,97.4,97.4,93.8,100,84.5,88.9,-99,95.5,89.5,100,61.5,93.6,99,95,94.6,100,100,-99,33.3,100,-99,33.3,100,100,66.7,100,91.9,851E49,78.9,90.9
100,89.7,100,100,90,104.5,97.9,89.5,100,90.6,50,94.8,79.2,90.9,81.8,-99,96.1,100,97.9,97,92,91.9,100,100,100,100,-99,-99,66.7,66.7,100,66.7,66.7,82,B2E722,82.3,76.1
100,100,100,100,98,100,97.9,97.4,100,98.4,100,100,95.8,100,100,126.3,96.1,100,98.9,98,100,100,100,100,100,66.7,33.3,66.7,100,33.3,100,100,33.3,68.4,8524DE,61.7,91.7
100,95.6,42.9,100,100,100,95.8,86.8,100,98.4,100,94.8,76.4,100,100,78.9,100,100,83,95,88,94.6,100,100,100,33.3,100,100,100,-99,66.7,66.7,66.7,91.3,851C1F,90.2,89.9
100,97.1,100,97.6,98,104.5,100,97.4,97.4,93.8,100,101.7,100,95.5,97.7,100,100,100,100,97,98,89.2,100,33.3,100,66.7,66.7,33.3,66.7,100,66.7,66.7,100,73,B1516C,81.7,85
100,99.3,100,96.4,98,104.5,94.8,98.7,97.4,97.7,100,97.4,95.8,100,97.7,126.3,100,100,100,98,100,100,100,100,100,66.7,100,33.3,100,100,100,100,66.7,87.8,852014,97.8,84.3
100,95.6,100,96.4,96,90.9,93.8,84.2,93.4,89.1,100,86.2,81.9,90.9,96.6,121.1,74.5,100,91.5,99,88,90.5,100,33.3,100,-99,66.7,33.3,33.3,66.7,66.7,66.7,-99,65.3,B4F6DE,80.4,72
100,100,100,95.2,86,77.3,87.5,89.5,65.8,92.2,100,89.7,79.2,100,93.2,92.1,84.3,100,-99,76,84,89.2,100,66.7,66.7,100,66.7,66.7,66.7,66.7,-99,100,66.7,69,B4F66B,83,84.8
93.3,98.5,100,40.5,84,95.5,97.9,86.8,92.1,93.8,100,96.6,88.9,72.7,90.9,113.2,97.1,84.6,91.5,89,90,85.1,100,100,100,66.7,100,-99,-99,100,66.7,100,33.3,68.6,88320C,63.8,84.3
100,91.2,100,94,96,90.9,97.9,92.1,97.4,93.8,100,91.4,93.1,95.5,100,126.3,92.2,96.2,94.7,97,94,90.5,100,100,100,100,66.7,100,66.7,66.7,66.7,100,66.7,91.5,851B08,87.1,104.5
96.7,95.6,100,100,99,93.2,96.9,94.7,93.4,94.5,95,92.2,89.6,100,100,110.5,100,92.3,87.2,100,100,89.2,100,100,100,66.7,100,66.7,66.7,66.7,-99,66.7,100,76.5,8512C9,81.2,81.7
96.7,96.3,100,97.6,94,95.5,95.8,71.1,-99,-99,-99,-99,-99,90.9,86.4,92.1,100,100,-99,-99,-99,-99,100,100,100,33.3,100,100,100,-99,-99,-99,-99,0,85171B,90.9,0
100,94.1,89.3,83.3,78,81.8,79.2,89.5,84.2,76.6,95,87.9,83.3,68.2,54.5,71.1,72.5,80.8,81.9,94,85,82.4,100,100,100,66.7,66.7,66.7,66.7,66.7,33.3,100,66.7,65.3,851439,76.3,66.8
96.7,98.5,100,83.3,74,86.4,83.3,73.7,92.1,29.7,42.5,84.5,73.6,81.8,90.9,78.9,76.5,100,93.6,94,88,89.2,100,100,66.7,66.7,-99,66.7,-99,-99,66.7,-99,66.7,42.8,85154A,52.8,0
96.7,100,100,95.2,72,81.8,89.6,73.7,94.7,95.3,100,86.2,81.9,100,100,100,96.1,96.2,100,98,100,94.6,-99,66.7,100,100,-99,66.7,-99,66.7,66.7,33.3,-99,77.7,B2BDE0,78.4,73.5
83.3,100,100,100,100,104.5,89.6,-99,-99,-99,-99,-99,-99,-99,-99,78.9,100,-99,-99,-99,100,-99,100,100,100,-99,-99,-99,-99,-99,-99,-99,-99,0,8518EA,68.2,0
100,92.6,100,97.6,98,104.5,95.8,86.8,86.8,98.4,100,96.6,95.8,90.9,97.7,97.4,92.2,76.9,96.8,99,98,100,100,100,100,100,33.3,66.7,66.7,100,100,66.7,66.7,81.7,B13353,97.1,90.4
43.3,100,96.4,-99,56,-99,-99,68.4,86.8,-99,-99,-99,-99,81.8,-99,-99,-99,65.4,-99,-99,-99,-99,100,66.7,100,-99,-99,-99,-99,-99,-99,-99,-99,0,B14C8E,77.9,56.7
100,95.6,100,98.8,100,104.5,96.9,94.7,92.1,92.2,95,96.6,79.2,100,100,126.3,96.1,100,98.9,100,94,98.6,100,100,100,100,100,66.7,100,100,100,100,66.7,80.1,B13343,80.4,85
100,98.5,100,98.8,93,104.5,96.4,97.4,98.7,100,100,100,95.1,90.9,100,126.3,100,100,97.9,100,92,89.2,100,100,100,66.7,100,100,100,66.7,100,100,66.7,85,B2BDB5,97.8,97.1
100,95.6,100,100,100,100,97.9,94.7,94.7,98.4,100,100,-99,100,100,100,98,100,100,96,100,-99,100,100,100,66.7,100,66.7,100,100,66.7,100,100,88.4,B1EDD8,98.3,97.6
100,97.1,94.6,47.6,96,95.5,95.8,92.1,97.4,85.9,100,96.6,37.5,95.5,68.2,113.2,84.3,92.3,92.6,96,88,95.9,100,100,100,100,100,100,100,100,100,100,100,91.8,B4F744,87.1,101.2
100,98.5,100,90.5,90,63.6,95.8,94.7,86.8,90.6,100,93.1,76.4,100,97.7,100,98,100,88.3,94,-99,100,100,100,100,100,100,100,33.3,66.7,100,100,33.3,71.3,852158,76.1,62
100,98.5,96.4,97.6,94,97.7,97.9,97.4,100,100,100,97.4,100,100,100,100,100,92.3,91.5,100,98,97.3,100,100,100,66.7,100,100,100,100,100,100,33.3,73.8,851521,81.4,91.7
100,98.5,96.4,92.9,98,95.5,93.8,81.6,86.8,95.3,100,89.7,84.7,-99,95.5,113.2,84.3,100,76.6,98,88,90.5,100,100,-99,66.7,100,66.7,66.7,100,66.7,66.7,33.3,73.2,B1516F,82.3,64
96.7,98.5,100,92.9,98,100,100,76.3,100,100,100,100,79.2,100,88.6,113.2,88.2,100,75.5,-99,88,100,100,100,100,100,100,-99,100,100,-99,-99,-99,83.3,B2C2B7,84.3,81.2
96.7,97.1,100,92.9,56,72.7,83.3,65.8,94.7,70.3,50,67.2,77.8,81.8,50,97.4,-99,84.6,75.5,-99,-99,94.6,100,100,100,33.3,66.7,-99,-99,-99,100,100,-99,44,B4F68C,55.8,41.3
96.7,91.2,92.9,40.5,90,81.8,30.2,76.3,97.4,90.6,100,19,87.5,95.5,100,113.2,82.4,100,97.9,96,98,-99,100,100,66.7,66.7,100,100,66.7,-99,66.7,-99,-99,80.5,B2A06B,83.3,80.7
100,98.5,100,95.2,98,86.4,97.9,92.1,100,96.9,100,94.8,91.7,86.4,86.4,100,98,92.3,91.5,100,87,77,100,100,100,-99,100,33.3,100,66.7,100,100,100,103,B37E13,101.2,91.7
100,98.5,100,98.8,99,104.5,97.9,89.5,97.4,93.8,100,101.7,95.8,100,100,84.2,80.4,100,69.1,99,100,94.6,100,100,100,66.7,100,66.7,33.3,66.7,100,100,100,82,B3B882,60.9,78.3
100,94.1,100,98.8,98,90.9,96.9,97.4,94.7,90.6,100,94.8,79.2,100,95.5,126.3,100,100,90.4,100,100,93.2,100,100,100,66.7,100,-99,100,100,100,66.7,66.7,93.9,B08339,97.3,95
100,95.6,100,92.9,98,104.5,97.9,89.5,92.1,96.9,100,94.8,87.5,100,88.6,113.2,94.1,92.3,100,92,86,89.2,100,100,100,33.3,100,66.7,66.7,100,66.7,66.7,-99,80.3,B38EE6,82.3,85.8
100,100,100,97.6,98,95.5,95.8,97.4,97.4,96.9,100,98.3,100,100,97.7,126.3,100,100,100,99,100,91.9,100,100,100,100,100,100,100,100,100,100,66.7,96.8,B2C545,104.8,105
100,98.5,100,95.2,90,90.9,87.5,-99,92.1,96.9,100,98.3,-99,100,-99,100,92.2,-99,81.9,100,95,94.6,100,100,100,-99,100,100,100,-99,33.3,-99,-99,68.8,B3A125,81.2,82.5
100,97.1,100,100,96,100,93.8,94.7,92.1,90.6,100,96.6,62.5,100,89.8,94.7,66.7,100,85.1,84,90,83.8,100,100,100,100,66.7,100,66.7,33.3,33.3,-99,66.7,53.8,851EB0,68.1,54
100,97.8,100,95.2,98,95.5,99,96.1,96.1,96.9,100,100,83.3,100,100,126.3,94.1,100,100,96,94,94.6,100,100,100,66.7,100,66.7,66.7,100,100,66.7,33.3,86.4,851DFC,78.3,78.1
96.7,98.5,98.2,92.9,86,86.4,100,97.4,100,98.4,100,101.7,91.7,100,100,100,100,-99,89.4,96,100,100,100,100,100,100,100,66.7,100,100,66.7,100,66.7,95.7,851C17,96.8,103.8
100,100,100,100,100,45.5,97.9,97.4,100,95.3,90,100,91.7,100,93.2,100,92.2,76.9,89.4,79,93,86.5,100,100,100,33.3,100,100,100,66.7,100,100,100,81.8,B4F704,91.7,101.4
100,91.2,48.2,97.6,92,54.5,68.8,84.2,92.1,45.3,100,93.1,76.4,100,93.2,126.3,92.2,96.2,96.8,97,-99,91.9,100,100,33.3,66.7,66.7,33.3,66.7,33.3,-99,-99,-99,74,B37B0B,76.6,77.7
100,35.3,100,100,80,104.5,100,55.3,63.2,50,95,63.8,-99,90,90.9,68.4,88.2,100,77.7,95,-99,89.2,100,100,100,100,100,100,100,100,100,100,33.3,79.4,B385FD,89.2,47.1
100,95.6,100,96.4,97,104.5,97.9,89.5,94.7,96.9,100,95.7,89.6,100,86.4,121.1,98,92.3,96.8,98,90,94.6,100,66.7,100,66.7,66.7,100,100,33.3,100,66.7,66.7,75.5,AFF638,77.8,77.1
100,97.1,100,100,94,100,97.9,97.4,94.7,96.9,100,101.7,95.8,81.8,97.7,105.3,96.1,100,85.1,95,100,93.2,100,100,100,66.7,66.7,66.7,66.7,-99,100,100,33.3,88.3,851C29,91.4,78.1
100,82.4,89.3,79.8,70,81.8,86.5,78.9,94.7,98.4,95,89.7,87.5,86.4,77.3,89.5,73.5,76.9,94.7,92,74,81.1,100,100,100,66.7,100,33.3,66.7,66.7,100,100,33.3,69.4,85188F,59.7,84.5
100,100,100,97.6,95,104.5,93.8,94.7,92.1,95.3,100,94.8,97.2,100,100,126.3,98,92.3,100,97,100,100,100,66.7,66.7,100,66.7,100,100,100,66.7,66.7,100,81.7,852474,64.8,75
100,95.6,100,97.6,-99,-99,-99,-99,-99,-99,-99,-99,-99,100,50,-99,-99,84.6,-99,-99,-99,-99,100,100,100,33.3,-99,33.3,100,-99,-99,-99,-99,42.3,85488C,70.4,57.7
96.7,98.5,100,95.2,92,86.4,95.8,81.6,94.7,92.2,100,89.7,88.9,100,100,100,96.1,88.5,93.6,100,100,86.5,100,100,100,66.7,66.7,66.7,100,66.7,33.3,33.3,66.7,77.8,85118E,90.7,83.3
100,50,100,92.9,90,81.8,75,89.5,97.4,82.8,95,93.1,-99,100,54.5,100,-99,96.2,100,99,100,91.9,100,100,-99,33.3,100,66.7,66.7,66.7,100,100,33.3,79.1,850BC2,69.4,68.9
100,95.6,100,95.2,98,104.5,87.5,94.7,100,92.2,100,94.8,90.3,100,100,100,74.5,96.2,95.7,96,94,83.8,100,100,100,100,100,66.7,100,100,66.7,66.7,66.7,82.7,8508BA,74,88.3
40,100,100,100,100,104.5,100,97.4,97.4,73.4,95,98.3,40.3,81.8,69.3,121.1,62.7,92.3,97.9,99,87,90.5,100,100,100,100,100,33.3,66.7,66.7,100,100,33.3,80.5,852040,73.3,87.1
96.7,95.6,100,85.7,84,86.4,85.4,89.5,92.1,96.9,100,81,88.9,95.5,100,105.3,100,100,100,100,100,89.2,100,100,100,100,100,100,100,-99,66.7,100,-99,77.8,851CA5,90.4,88.3
100,96.3,96.4,100,98,90.9,85.4,92.1,94.7,70.3,100,96.6,33.3,100,100,100,100,96.2,100,100,100,86.5,100,100,100,66.7,66.7,66.7,100,100,66.7,66.7,100,71.9,851F66,90.9,84.8
96.7,97.1,100,83.3,76,86.4,95.8,78.9,76.3,90.6,100,94.8,100,100,97.7,100,90.2,69.2,64.9,90,94,94.6,100,100,100,66.7,66.7,-99,33.3,33.3,100,100,33.3,65.5,851DEB,81.2,74
100,91.2,100,88.1,94,100,91.7,97.4,100,-99,100,100,100,100,88.6,126.3,94.1,100,-99,84,-99,94.6,100,66.7,100,66.7,33.3,33.3,100,66.7,66.7,33.3,66.7,37.2,85231E,57.3,51.8
100,97.1,96.4,92.9,100,100,97.9,100,97.4,98.4,95,100,50,100,95.5,113.2,82.4,100,91.5,94,96,94.6,100,100,100,66.7,100,100,66.7,33.3,100,66.7,66.7,82,8513DD,70.9,75
100,100,100,100,100,81.8,97.9,100,100,100,95,100,100,100,100,100,98,100,100,100,98,86.5,100,100,100,33.3,100,66.7,66.7,100,66.7,66.7,100,84.2,B00230,84,101.7
96.7,89.7,96.4,91.7,83,95.5,95.8,92.1,94.7,93.8,100,69,43.8,100,78.4,94.7,88.2,92.3,92.6,93,92,91.9,100,66.7,66.7,66.7,100,100,100,-99,33.3,100,33.3,61.5,8828CB,67.1,84
100,97.1,100,92.9,82,95.5,95.8,81.6,92.1,84.4,100,89.7,43.1,100,100,100,84.3,100,85.1,98,96,97.3,100,66.7,100,33.3,100,66.7,100,66.7,100,-99,33.3,69.4,8549B6,69.9,74.3
96.7,89.7,100,97.6,88,104.5,97.9,89.5,94.7,98.4,100,100,93.1,90.9,95.5,84.2,90.2,100,97.9,98,96,94.6,100,66.7,100,33.3,66.7,66.7,66.7,33.3,66.7,66.7,33.3,65.6,851CB0,65,74.5
100,86.8,100,95.2,98,86.4,100,97.4,94.7,93.8,100,96.6,30.6,77.3,90.9,94.7,96.1,92.3,100,91,80,89.2,100,33.3,100,-99,66.7,100,66.7,33.3,100,66.7,-99,83.5,B7CB43,67.8,84.8
100,97.1,100,97.6,90,86.4,91.7,100,100,98.4,100,96.6,97.2,100,100,100,97.1,100,100,95,96,94.6,100,100,100,100,100,66.7,100,100,100,100,100,86.7,85073F,98.1,88.3
96.7,100,100,100,94,100,100,94.7,92.1,90.6,100,96.6,-99,90.9,78.4,100,86.3,92.3,91.5,91,83,89.2,100,66.7,66.7,-99,33.3,66.7,-99,33.3,66.7,-99,-99,29.9,851C16,44.3,41.7
96.7,95.6,100,88.1,90,90.9,93.8,86.8,100,96.9,100,98.3,100,100,77.3,100,100,92.3,72.3,94,90,83.8,100,100,66.7,100,100,-99,66.7,100,100,100,66.7,92.8,85231D,86.9,89.7
96.7,95.6,100,100,-99,90.9,-99,81.6,-99,92.2,100,69,-99,90.9,-99,92.1,-99,61.5,92.6,-99,84,70.3,100,66.7,100,-99,66.7,-99,66.7,100,-99,100,66.7,70,85200A,80.3,86.7
100,100,100,92.9,88,104.5,95.8,94.7,97.4,98.4,100,94.8,100,90.9,88.6,89.5,91.2,100,97.9,99,82,78.4,100,100,100,100,100,66.7,100,66.7,66.7,100,66.7,83.5,851F18,84.8,86.8
100,98.5,96.4,100,98,100,91.7,92.1,97.4,65.6,100,74.1,95.8,100,79.5,100,-99,100,-99,92,77,82.4,100,100,100,66.7,100,-99,100,100,66.7,-99,33.3,74.4,85189D,62.5,81.4
100,97.1,100,97.6,96,86.4,72.9,86.8,97.4,91.4,100,94.8,91.7,90,-99,94.7,-99,84.6,80.3,93,100,86.5,-99,100,100,66.7,66.7,66.7,66.7,100,100,100,100,68.5,851B67,90.4,53.8
100,98.5,100,97.6,98,104.5,93.8,97.4,92.1,78.1,100,98.3,95.8,100,93.2,100,94.1,84.6,95.7,97,92,60.8,100,100,100,100,-99,66.7,100,66.7,100,100,33.3,74.3,851B61,70.4,84.3
100,98.5,96.4,97.6,95,95.5,91.7,97.4,100,98.4,95,100,88.9,100,93.2,113.2,88.2,100,98.9,96,96,97.3,100,100,100,100,100,-99,100,100,66.7,66.7,100,79.4,851B8D,89.7,97.3
100,98.5,96.4,92.9,82,97.7,96.9,92.1,97.4,92.2,100,94.8,89.6,90.9,100,110.5,94.1,84.6,92.6,94,95,86.5,100,100,100,100,66.7,33.3,66.7,66.7,33.3,100,66.7,82.1,8519C8,85,90.4
100,99.3,100,91.7,98,95.5,96.9,93.4,97.4,90.6,95,100,91.7,100,100,100,82.4,100,93.6,95,92,67.6,100,100,100,33.3,66.7,33.3,66.7,100,33.3,-99,33.3,75.9,85152D,80.2,85
100,100,100,97.6,96,100,95.8,92.1,97.4,93.8,100,98.3,91.7,100,95.5,100,94.1,96.2,98.9,97,100,95.9,100,100,100,100,100,100,66.7,100,100,100,66.7,82,852399,74.8,88.3
96.7,67.6,96.4,90.5,70,77.3,79.2,57.9,86.8,60.9,95,94.8,-99,90.9,79.5,86.8,33.3,-99,-99,89,-99,90.5,100,100,-99,66.7,100,66.7,-99,66.7,66.7,-99,33.3,70,85106B,66.7,63.3
96.7,94.1,100,97.6,86,95.5,100,81.6,100,85.9,95,96.6,58.3,100,100,100,98,96.2,100,98,100,89.2,100,100,100,100,100,-99,100,66.7,66.7,66.7,100,82.6,85171C,54.8,87.8
100,97.1,100,92.9,72,81.8,79.2,78.9,89.5,69.5,100,90.5,90.3,100,45.5,86.8,60.8,69.2,91.5,95,92,78.4,100,100,100,33.3,66.7,33.3,100,33.3,66.7,66.7,33.3,75.3,85204E,72.8,59.4
90,98.5,92.9,100,96,104.5,97.9,94.7,94.7,93.8,100,100,90.3,100,100,100,84.3,100,70.2,100,96,94.6,100,100,100,33.3,66.7,33.3,100,66.7,100,100,66.7,70.2,851882,74.3,81.2
100,100,100,92.9,100,100,95.8,97.4,89.5,95.3,100,101.7,95.8,100,100,100,98,84.6,100,96,100,85.1,100,100,100,100,100,100,66.7,66.7,100,100,66.7,93.3,851143,86.1,83.8
100,98.5,100,100,96,100,95.8,84.2,100,96.9,100,-99,95.8,100,95.5,100,88.2,100,97.9,100,92,89.2,100,100,100,66.7,100,66.7,-99,100,100,100,100,88,851E55,96.1,98.9
96.7,89.7,100,95.2,98,86.4,97.9,97.4,100,82.8,100,91.4,83.3,100,100,100,86.3,100,89.4,100,100,93.2,100,66.7,100,100,66.7,100,66.7,100,100,100,66.7,77.8,8514FC,76.8,87.3
100,100,100,100,88,95.5,93.8,98.7,97.4,97.7,100,95.7,89.5,81.8,93.2,100,90.2,100,86.2,85,76,81.1,100,66.7,100,66.7,100,-99,66.7,66.7,66.7,66.7,33.3,59.1,851877,76.6,69.7
96.7,97.8,100,92.9,95,95.5,94.8,92.1,93.4,97.7,95,91.4,27.8,100,100,94.7,98,92.3,93.6,94,83,68.9,100,100,66.7,33.3,66.7,33.3,66.7,33.3,66.7,100,66.7,68.1,850764,77.7,83
100,99.3,98.2,100,99,104.5,100,100,97.4,100,95,100.9,100,100,100,123.7,98,92.3,97.9,100,92,83.8,100,100,100,100,100,100,100,66.7,66.7,100,66.7,97,852504,100.7,95
100,92.6,100,100,98,95.5,100,97.4,94.7,96.9,100,101.7,95.8,100,90.9,126.3,100,100,100,96,90,91.9,100,66.7,100,66.7,66.7,66.7,-99,66.7,100,100,-99,94.3,852173,104,91.7
100,92.6,96.4,92.9,78,86.4,91.7,86.8,100,92.2,100,87.9,91.7,100,100,97.4,100,96.2,100,99,100,86.5,100,66.7,100,100,100,66.7,100,66.7,-99,100,66.7,92.7,851E9E,72.5,95
96.7,10.3,-99,92.9,78,95.5,-99,97.4,31.6,98.4,75,-99,80.6,100,100,100,100,100,93.6,-99,100,83.8,-99,33.3,-99,-99,100,33.3,-99,-99,-99,-99,-99,68.5,850D9A,58.7,62
100,89.7,100,86.9,82,95.5,95.8,97.4,94.7,96.9,100,96.6,95.8,95.5,100,94.7,94.1,100,100,96,90,100,100,100,100,66.7,100,33.3,66.7,66.7,100,100,100,83,851DEC,84.5,93.8
100,97.1,100,100,100,100,100,92.1,94.7,98.4,100,100,91.7,100,95.5,126.3,96.1,100,100,99,90,91.9,100,100,100,66.7,66.7,66.7,-99,-99,100,66.7,-99,62.4,851DEA,92.8,86.1
100,100,100,100,98,95.5,97.9,94.7,100,96.9,100,101.7,97.2,100,100,110.5,100,100,100,100,100,100,100,100,100,66.7,100,100,-99,100,-99,100,100,83.9,851221,101.4,105
93.3,96.3,98.2,98.8,95,100,99,100,100,100,100,100,97.1,86.4,95.5,126.3,100,84.6,87.2,99,100,91.9,100,100,100,100,100,33.3,100,66.7,100,100,66.7,94.6,B2C276,88.1,101.4
100,98.5,100,100,98,95.5,95.8,89.5,73.7,93.8,100,98.3,31.9,100,81.8,100,100,76.9,91.5,93,100,85.1,100,100,100,33.3,66.7,66.7,66.7,100,100,100,33.3,81.7,851892,87.8,87.6
100,100,100,95.2,100,100,97.9,94.7,100,93.8,100,98.3,100,100,93.2,100,94.1,92.3,95.7,94,100,94.6,100,100,100,100,66.7,66.7,100,100,100,100,66.7,83.7,8524F6,83,81.2
100,100,100,100,90,104.5,97.9,92.1,94.7,98.4,100,101.7,95.8,81.8,95.5,94.7,98,92.3,100,98,90,97.3,100,66.7,100,-99,100,66.7,66.7,66.7,66.7,100,-99,69,851F1F,80.7,75
100,98.5,98.2,100,88,86.4,95.8,97.4,93.4,96.9,100,98.3,100,86.4,93.2,94.7,100,92.3,95.7,100,93,87.8,100,66.7,100,66.7,100,66.7,100,66.7,66.7,100,66.7,92.3,851A67,97.3,93.3
96.7,97.1,100,91.7,84,90.9,95.8,76.3,86.8,82.8,100,87.9,87.5,86.4,84.1,102.6,93.1,92.3,90.4,95,93,87.8,100,33.3,100,33.3,100,100,66.7,-99,66.7,100,100,87.3,85237D,83.8,76.3
100,95.6,89.3,78.6,60,81.8,93.8,78.9,92.1,92.2,90,100,95.8,100,79.5,63.2,64.7,84.6,95.7,98,70,63.5,100,100,100,33.3,100,-99,100,66.7,100,100,66.7,60.4,85150B,31.7,63.8
100,98.5,100,100,98,95.5,97.9,94.7,100,96.9,100,100,95.8,100,100,126.3,100,100,100,97,89,97.3,100,100,100,100,100,100,66.7,66.7,-99,100,100,88.6,851CD0,89.9,101.7
100,79.4,100,97.6,100,100,100,97.4,100,99.2,100,100.9,95.2,100,96.6,126.3,100,100,100,94,98,98.6,100,100,100,100,66.7,33.3,100,100,66.7,100,66.7,94,852508,92.5,97.3
100,94.1,100,95.2,96,100,97.9,92.1,100,82.8,100,89.7,81.9,90.9,95.5,89.5,90.2,84.6,89.4,94,96,89.2,100,100,100,100,100,66.7,100,66.7,100,100,100,84.6,852003,90.4,90.2
98.3,90.4,100,96.4,97,104.5,100,97.4,100,85.9,100,100,100,100,93.2,121.1,90.2,100,-99,90,48,94.6,100,100,66.7,66.7,66.7,33.3,100,66.7,33.3,33.3,33.3,77.3,8549AC,77.1,48.9
100,100,100,92.9,90,86.4,89.6,81.6,94.7,95.3,95,100,87.5,90.9,90.9,105.3,86.3,92.3,91.5,97,100,97.3,100,100,100,100,33.3,66.7,-99,66.7,100,33.3,66.7,90.4,851C74,77.6,87.8
100,95.6,89.3,95.2,100,104.5,95.8,92.1,-99,84.4,100,101.7,95.8,81.8,100,100,99,100,100,94,84,97.3,100,100,100,33.3,100,-99,100,66.7,100,100,66.7,81,851F1C,80.9,68.3
96.7,97.1,100,97.6,98,104.5,97.9,89.5,97.4,92.2,100,101.7,91.7,95.5,93.2,123.7,96.1,92.3,87.2,89,94,79.7,100,33.3,100,100,66.7,66.7,100,33.3,100,-99,66.7,59.5,851C14,81,68.9
100,98.5,100,92.9,82,100,97.9,97.4,100,93.8,100,89.7,-99,100,100,100,96.1,100,97.9,94,100,91.9,100,100,100,100,100,-99,66.7,66.7,66.7,66.7,33.3,77.2,8514FD,70.4,88.3
100,92.6,100,94,91,95.5,87.5,92.1,100,96.9,100,86.2,91.7,95.5,95.5,126.3,84.3,100,100,99,98,94.6,100,66.7,66.7,-99,66.7,66.7,100,66.7,66.7,100,100,92,851AFF,80.2,80.9
100,98.5,100,97.6,90,77.3,79.2,82.9,89.5,89.1,100,96.6,98.6,95.5,100,100,100,96.2,100,100,100,91.9,100,100,100,66.7,66.7,33.3,66.7,66.7,100,-99,66.7,77.2,851AF3,83.8,70.7
100,100,100,98.8,100,100,100,97.4,100,100,100,101.7,100,100,100,113.2,86.3,100,96.8,100,91,98.6,100,100,66.7,100,100,33.3,100,66.7,100,-99,66.7,95.8,851EBA,91.7,85
100,92.6,100,97.6,98,90.9,94.8,96.1,90.8,96.9,100,98.3,94.4,100,100,97.4,100,96.2,94.7,99,100,97.3,100,33.3,100,66.7,66.7,100,100,-99,100,66.7,100,83.6,852392,57.3,94.5
96.7,88.2,100,90.5,86,86.4,97.9,81.6,89.5,87.5,100,86.2,8.3,90.9,86.4,126.3,94.1,100,89.4,89,98,100,100,100,100,66.7,100,33.3,66.7,33.3,100,100,100,68.6,8513EA,59.9,89.9
100,97.1,100,95.2,96,104.5,93.8,100,100,100,100,101.7,97.2,100,100,73.7,100,92.3,100,100,100,91.9,100,66.7,100,-99,100,66.7,100,100,-99,100,33.3,98.6,851087,84.5,100.7
96.7,92.6,100,95.2,96,100,97.9,100,100,95.3,100,89.7,-99,95.5,97.7,100,92.2,100,88.3,96,98,91.9,100,100,100,100,33.3,66.7,100,33.3,100,100,33.3,72.9,852524,57.1,81.7
96.7,41.2,98.2,92.9,96,90.9,97.9,92.1,78.9,84.4,100,91.4,-99,95.5,-99,86.8,86.3,92.3,77.7,98,100,89.2,100,100,100,66.7,100,100,-99,66.7,100,-99,-99,82,8524F0,81.3,81.5
93.3,95.6,96.4,90.5,92,100,89.6,84.2,100,96.9,100,100,91.7,95.5,95.5,100,78.4,100,93.6,99,98,-99,100,66.7,33.3,33.3,-99,-99,66.7,-99,66.7,33.3,33.3,51.3,854888,54,64.8
100,92.6,100,100,100,95.5,95.8,94.7,97.4,96.9,100,98.3,-99,90.9,100,100,100,92.3,75.5,99,90,94.6,100,100,100,66.7,100,100,66.7,33.3,100,100,33.3,82.6,851425,90.9,101.4
96.7,89.7,100,69,60,72.7,72.9,92.1,81.6,100,100,100,91.7,100,84.1,100,35.3,100,80.9,95,86,79.7,100,100,100,66.7,100,33.3,66.7,100,100,100,66.7,66.1,8549BB,57.9,78.7
100,-99,-99,-99,-99,-99,-99,-99,-99,-99,-99,-99,-99,-99,-99,-99,-99,-99,-99,-99,-99,-99,-99,-99,-99,-99,-99,-99,-99,-99,-99,-99,-99,0,8534D2,0,0
96.7,97.1,100,100,96,97.7,96.9,96.1,94.7,96.1,95,94.8,83.3,100,100,121.1,78.4,92.3,89.4,94,88,89.2,100,100,100,33.3,66.7,33.3,100,100,66.7,100,33.3,85.3,852484,85.3,87.1
96.7,100,78.6,97.6,100,104.5,95.8,100,94.7,85.9,100,100,95.8,90.9,93.2,100,73.5,96.2,89.4,-99,90,71.6,100,100,66.7,66.7,66.7,-99,100,100,66.7,66.7,100,54,B37AEA,76.8,50.7
100,94.9,100,97.6,90,95.5,88.5,86.8,92.1,92.2,95,93.1,87.5,100,100,100,95.1,92.3,91.5,99,79,77,100,100,100,100,66.7,66.7,-99,33.3,66.7,100,66.7,86.5,85235F,78.3,94.3
100,98.5,100,92.9,38,100,77.1,89.5,97.4,90.6,100,87.9,86.1,81.8,92,126.3,90.2,76.9,86.2,96,90,86.5,100,100,100,66.7,66.7,66.7,66.7,66.7,66.7,100,100,92.3,851FEE,81.7,87.1
100,97.1,100,88.1,98,104.5,97.9,97.4,100,100,95,100,95.8,100,88.6,105.3,97.1,92.3,94.7,96,90,75.7,100,100,100,100,100,33.3,100,100,100,66.7,-99,93,8511F4,98.1,81.7
100,99.3,100,97.6,100,104.5,97.9,89.5,97.4,95.3,100,101.7,100,100,95.5,100,90.2,100,98.9,98,100,93.2,100,100,100,66.7,100,33.3,100,66.7,100,100,66.7,72.3,B11FDE,83.5,87.1
96.7,92.6,96.4,92.9,92,100,100,100,100,98.4,100,101.7,95.8,100,93.2,94.7,100,96.2,94.7,98,96,89.2,100,100,66.7,66.7,66.7,100,100,-99,100,66.7,100,64.5,8829FD,74.5,81.2
100,97.8,100,97.6,98,95.5,96.9,90.8,100,96.1,100,98.3,95.8,100,93.2,118.4,100,84.6,91.5,96,88,97.3,100,100,100,66.7,100,66.7,100,100,100,100,66.7,89.9,OF9CC5,95,97.1
100,92.6,100,91.7,97,100,100,97.4,86.8,98.4,100,93.1,34.7,90.9,100,100,100,92.3,97.9,94,96,97.3,100,66.7,100,-99,100,66.7,66.7,66.7,33.3,33.3,66.7,63.8,851F91,61.7,68.3
100,100,100,90.5,100,104.5,91.7,94.7,94.7,93.8,100,93.1,94.4,100,90.9,121.1,88.2,92.3,85.1,100,96,85.1,100,100,100,66.7,100,66.7,-99,66.7,100,100,100,91.8,852480,87.8,94.5
100,100,100,45.2,98,104.5,100,97.4,94.7,35.9,100,46.6,87.5,100,100,126.3,96.1,92.3,97.9,95,88,100,100,100,100,66.7,66.7,33.3,66.7,-99,100,100,-99,83.5,852396,81.4,88.3
100,98.5,100,95.2,88,95.5,95.8,92.1,97.4,93.8,100,101.7,34.7,90.9,88.6,100,92.2,100,-99,90,86,93.2,100,100,100,100,100,66.7,33.3,100,-99,100,66.7,89.9,851436,81.7,94
96.7,86.8,100,88.1,76,81.8,90.6,86.8,94.7,95.3,100,89.7,-99,90.9,100,121.1,80.4,96.2,92,97,87,68.9,100,100,100,100,66.7,100,100,100,33.3,33.3,100,78.8,B11FF4,75,77.8
96.7,98.5,100,83.3,86,81.8,83.3,65.8,44.7,76.6,90,96.6,30.6,100,100,86.8,100,100,93.6,99,100,86.5,100,66.7,66.7,-99,66.7,100,-99,-99,66.7,-99,-99,84,B14912,76.1,28.9
96.7,100,100,100,84,90.9,97.9,92.1,89.5,85.9,100,96.6,98.6,100,100,100,100,100,83,100,100,100,100,100,100,100,66.7,33.3,100,66.7,100,100,100,61.8,85139A,72.3,70.4
